station_name,RMSE,MAE
Average value of all stations,51.04850691,32.8974896
AD,69.52118813,46.34343115
BQ,110.088123,67.82855859
D,29.42528604,19.24702203
AF,27.8071127,18.95824482
CA,59.9707828,37.55920085
CH,31.83201056,21.18474215
ER,30.85286857,19.45459853
